{
	"format_version": "1.8.0",
	"animations": {
		"animation.pizzorea.ground_idle": {
			"loop": true,
			"animation_length": 1.75,
			"bones": {
				"top": {
					"rotation": {
						"0.0": [0, 0, 0],
						"0.25": [2.5, 0, 0],
						"1.125": [-2.5, 0, 0],
						"1.7083": [0.5, 0, 0]
					},
					"position": {
						"0.0": [0, 0, 0],
						"0.25": [0, 0, 0],
						"1.125": [0, 0, 0.2],
						"1.7083": [0, 0, 0]
					}
				}
			}
		},
		"animation.pizzorea.ground_walk": {
			"loop": true,
			"animation_length": 1.33333,
			"bones": {
				"top": {
					"rotation": {
						"0.0": [0, 0, 0],
						"0.1667": [0, 0, 0],
						"0.4167": [3, 0, 0],
						"1.25": [1, 0, 0]
					},
					"position": {
						"0.0": [0, 0, 0],
						"0.1667": [0, -0.3, -0.7],
						"0.4167": [0, 0.9, -1.3],
						"0.6667": [0, 1.4, -2.8],
						"0.9583": [0, 0.8, -4.6],
						"1.25": [0, -0.2, -4.7]
					},
					"scale": 1
				},
				"Legs": {
					"rotation": {
						"0.0": [0, 0, 0],
						"0.1667": [12.5, 0, 0],
						"0.4167": [2.5, 0, 0],
						"0.6667": [-2.5, 0, 0],
						"1.25": [0.5, 0, 0]
					},
					"position": {
						"0.0": [0, 0, 0],
						"0.4167": [0, 1, -1],
						"0.6667": [0, 1.4, -2.8],
						"0.9583": [0, 0.7, -4.6],
						"1.25": [0, -0.1, -4.6]
					},
					"scale": 1
				}
			}
		},
		"animation.pizzorea.water_swim": {
			"loop": true,
			"animation_length": 1.08333,
			"bones": {
				"top": {
					"rotation": {
						"0.25": [90, 0, 0],
						"0.5": [88, 0, 0],
						"0.75": [96, 0, 0],
						"1.0": [91, 0, 0]
					},
					"position": [0, -7, -2]
				},
				"Legs": {
					"rotation": {
						"0.25": [90.03055, 0.31943, 0.21636],
						"0.5": [97.53055, 0.31943, 0.21636],
						"0.75": [85.03055, 0.31943, 0.21636],
						"1.0": [91.03055, 0.31943, 0.21636]
					},
					"position": {
						"0.25": [0, 0, 5],
						"0.5": [0, 0.2, 4.9]
					}
				}
			}
		},
		"animation.pizzorea.faint": {
			"loop": "hold_on_last_frame",
			"animation_length": 1.5,
			"bones": {
				"main": {
					"rotation": {
						"0.25": [-12.5, 0, 0],
						"0.5": [-25, 0, 0],
						"0.75": [-47.5, 0, 0],
						"1.0": [-60, 0, 0],
						"1.25": [-77, 0, 0],
						"1.5": [-90, 0, 0]
					},
					"position": {
						"0.25": [0, 0, 0.3],
						"0.5": [0, 0, 0],
						"0.75": [0, -1, -0.4],
						"1.0": [0, -1.9, -1.8],
						"1.25": [0, -3.2, -2.3],
						"1.5": [0, -4.4, -2.3]
					}
				}
			}
		}
	}
}
